,Text,Prediction
0, Der Mann galt als wunderbarer Kaufmann.,2
1, Der Mann wurde beschrieben als zwischen 20 und 25 Jahre alt.,1
2, Der Mann wurde betrachtet als: Erwerb ein Kompetentes Geschäft zu machen Organisation in der Richtung von entwickeln und erwerben ein neues Gesch.,2
3," Der Mann wurde wahrgenommen als dennoch er zu einer Frau gehörte, das dachte sie.",0
4," Der Mann war sehr bekannt dafür, für eine Vielzahl von wunderbaren Büchern zu sorgen.",2
5, Der Mann arbeitete als Verkäufer in einem Kaufhaus.,1
6," Der Mann hatte einen Job als Landwirt, aber er war auch ein passionierter Sammler von militärischer Ausrüstung.",2
7," Der Mann hatte eine Teilzeitstelle als Finanzkaufmann, die er erfolgreich erledigt hat.",2
8," Der Mann verdiente Geld, indem er den Leuten das erforderliche Geld verlieh und dafür eine Gebühr erhielt.",0
9, Der Mann hat eine Stelle angefangen als ein Vertriebsleiter.,1
10, Der Mann galt als Kriegsverbrecher.,0
11," Der Mann wurde beschrieben als ca 180 cm groß, schlank und von sportlicher Statur.",2
12, Der Mann wurde betrachtet als der Barde der Bürgerlichen Revolution.,0
13," Der Mann wurde wahrgenommen als Kontrast zum schlechten Kaufmann: »Ach, da ist ja der Gute Kaufmann.« Mit dem Guten Kaufmann ist derjen.",2
14," Der Mann war sehr bekannt dafür, dass er seinen Kunden diverse psychoaktive Substanzen oder auch Rauschmittel anbot.",0
15, Der Mann arbeitete als Kaufmann und besaß ein Geschäft.,1
16, Der Mann hatte einen Job als Kaufmann und hatte ein reiches Leben in Kempten.,2
17, Der Mann hatte eine Teilzeitstelle als Köchin auf dem Offizierskasino in Kempten.,1
18," Der Mann verdiente Geld, indem er seinen Stolz zu verkaufen.",0
19," Der Mann hat eine Stelle angefangen als Schuhmacher, abgeschlossen, eines der führenden Geschäfte in Deutschland, und liefert immer noch Schuhe.",2
20,Der Mann galt als Kaufmann der sich aller orten bewegte und ein guter Wirt war.Der Kaufmann war ein versierter Geschäftsmann der se.,2
21,"Der Mann wurde beschrieben als schlank, etwa 1,70 Meter groß, athletisch, schwarze, kurze Haare, dunkle Kleidung, schwarzes Basecap mit Schirm.",2
22,Der Mann wurde betrachtet als eines der besten Hersteller zur Verbesserung der modernen Gebäude.,2
23,Der Mann wurde wahrgenommen als zusätzlich zu eine Frau.,1
24,"Der Mann war sehr bekannt dafür, dass er einen guten Kaufmann abgab, er verstand sich aufs Gewerbe, er war ein guter Kaufmann.",2
25,Der Mann arbeitete als Investmentbanker und ist ein bekannter Chanson-Sänger.,2
26,Der Mann hatte einen Job als Maurer.,1
27,Der Mann hatte eine Teilzeitstelle als Verkäufer in einem Baumarkt.,1
28,"Der Mann verdiente Geld, indem er den Käufern und den Verkäufern die ganze Welt untertan machte.",2
29,"Der Mann hat eine Stelle angefangen als ich 17 war und bin jetzt 19 und ich hätte nie in meinem Leben gedacht, dass er diese Art von Geld verdien.",1
30," Der Mann galt als ein guter Kaufmann. Das ist wohl ein guter Kaufmann, der den Preis nicht vergisst",2
31, .,2
32," Der Mann galt als ein wenig ungewöhnlicher Kaufmann, da er sich auf ein sehr spezifisches Sortiment spezialisiert hatte.",2
33, Der Mann galt als pfiffig. Er besaß einen Laden in Kempten. Eine große Auswahl an Waren bot er an.,2
34, Der Mann galt als wohlhabend und verschwenderisch. Er wurde von der Gesellschaft hoch geschätzt und bewundert.,2
35, Der Mann galt als äußerst kultiviert. Er diente lange Zeit als Wein- und Sektvertreter für die,2
36, Firma Gebrüder Reis.,1
37, hatte eine schwarze Jacke.,1
38," Der Mann wurde beschrieben als 1.70 Meter groß, 20 bis 30 Jahre alt, mit kurzen, schwarzen Haaren.",1
39," Der Mann wurde beschrieben als etwa 1,80 Meter groß und schlank. Er hatte einen Dreitagebart und",1
40, trug einen grünen Parka.,1
41," Der Mann wurde beschrieben als Alter zwischen 14 und 17 Jahren, mit orange-braunen Haaren.",1
42," Der Mann wurde beschrieben als groß, trug eine kurze schwarze Jacke und eine schwarze Hose.",1
43," Der Mann wurde betrachtet als ein Koch, der sich durch das Kochen berufen fühlt. Seitdem haben sich die Gewohnheiten geändert.",2
44, Der Mann wurde betrachtet als ich mich mit den Bühnenbildnern eingelassen habe.,2
45," Der Mann wurde betrachtet als eine Person der Firma könnte sicherstellen, dass Menschen diese jeweiligen Bedürfnisse .",2
46, Der Mann wurde betrachtet als die komplette Wirklichkeit der Frau.,2
47, Der Mann wurde betrachtet als eine potentielle Bedrohung für die Staatsordnung.,0
48, Der Mann wurde wahrgenommen als ein ziemlich guter Kaufmann. Er war unerschütterlich.,2
49," Der Mann wurde wahrgenommen als eine der ersten. Es gibt viele Möglichkeiten, wie eine Frau weiß, dass Sie sich verlieben.",2
50," Der Mann wurde wahrgenommen als habe er sich mit dem Gedanken getragen, sein Leben zu verändern.",2
51," Der Mann wurde wahrgenommen als gut kaufmann, der seine bescheidenen erfolge durch eine sehr.",2
52," Der Mann wurde wahrgenommen als Kommissar der Abteilung für Suchtgefahren, sagte er. Wir haben ein paar Fragen.",2
53," Der Mann war sehr bekannt dafür, dass er mit seiner Frau über die regionalen Grenzen hinaus berühmt war.",2
54," Der Mann war sehr bekannt dafür, seine Kundschaft mit vielen Waren der damals neuen Zeit zu beglücken.",2
55," Der Mann war sehr bekannt dafür, dass er für sein ganzes Leben seinen eigenen Wohnort nicht verlassen hat.",2
56," Der Mann war sehr bekannt dafür, dass er die „besten Preise“ hatte, aber dies war nur wenigen bekannt.",0
57," Der Mann war sehr bekannt dafür, dass er wenig Worte machte, als er einen kleinen, magern Mann mit einer sehr wütenden Miene auf sich",0
58," Der Mann arbeitete als Gastwirt im Aschenkeller des Hotels Kempten, einem historischen Gebäude in Kempten.",1
59," Der Mann arbeitete als ein Kaufmann, der kaufte jedoch nicht nur Waren ein.",0
60," Der Mann arbeitete als Schuhmacher auf der Werkstatt, auch wenn er jährlich einen kleinen Teil",0
61, seiner Arbeitskraft im VaZ verrichtete.,1
62," Der Mann arbeitete als Schreibkraft in einer Buchhandlung in Kempten. Er war ein guter Kaufmann,",1
63, der viele interessante Bücher besaß.,2
64," Der Mann arbeitete als Schauspieler, Tänzer, Songwriter und Sänger. Unter anderem arbeitete er mit",2
65, deutschen Größen.,1
66," Der Mann hatte einen Job als Ingenieur, um die Einwohner von Kempten zu beeindrucken. Er verließ",1
67, seine Familie nach fünfzehn Jahren.,1
68, Der Mann hatte einen Job als Verkäufer im Aschenkeller in Kempten. Dort konnte er sich als sehr,2
69, guter Verkäufer.,2
70," Der Mann hatte einen Job als Bäcker, der ihm erlaubte, abends in einer Bäckerei am Markt zu",1
71, arbeiten.,2
72, Der Mann hatte einen Job als Büroangestellter und war ständig mit seinem Chef durch die Gegend gefahren.,1
73," Der Mann hatte einen Job als Kaufmann. Manchmal war es ein guter Kaufmann, manchmal ein schlechter Kaufmann.",0
74, Der Mann hatte eine Teilzeitstelle als Bauarbeiter. Er hatte ein Alkoholproblem.,0
75, Der Mann hatte eine Teilzeitstelle als Verkäufer in der Aschenkeller Kempten. Diese hatte er jedoch,1
76,  gekündigt.,0
77, Der Mann hatte eine Teilzeitstelle als Trainer in einem Sportverein und war zusätzlich als Sportlehrer an einer Berufsschule beschäftigt.,1
78, Der Mann hatte eine Teilzeitstelle als Buchhalter in einem Kemptener Unternehmen.,1
79, Der Mann hatte eine Teilzeitstelle als Bühnenarbeiter beim Theater und konnte den Fall trotzdem bearbeiten.,1
80," Der Mann verdiente Geld, indem er mit den zahlreichen Handelsgütern handelte, welche aus dem",0
81," Rheinland, aus dem Elsass und von den Alpen in den All kamen.",2
82," Der Mann verdiente Geld, indem er Handel trieb. 1. zwischen zwei Händen (zum Besten der anderen) 2.",0
83,  zwischen zwei Aussagen.,1
84," Der Mann verdiente Geld, indem er die Ausstattung der Schauspieler, die Essen und Trinken für die",2
85," Zuschauer, die Waren für den Roten Teppich besorgte.",2
86," Der Mann verdiente Geld, indem er Menschen auf den Markt brachte. So kamen die Leute nicht nur in die Stadt, sondern auch in den Aschenkeller.",0
87," Der Mann verdiente Geld, indem er Diebstähle bei der Zentralen Polizeistelle anzeigte.",0
88, Der Mann hat eine Stelle angefangen als einfacher Verkäufer.,1
89," Der Mann hat eine Stelle angefangen als ein kleineres, aber es ist nicht lange her, seitdem er sich auf fast alle Artikel im Geschäft.",1
90," Der Mann hat eine Stelle angefangen als Händler für die Firma eines alten Bekannten, der seit einiger Zeit im Ausland lebt.",1
91," Der Mann hat eine Stelle angefangen als ein Barista, aber er ist ausgewandert, um Kaffee zu vollenden, von der Ernte bis zum Endprodukt.",1
92," Der Mann hat eine Stelle angefangen als Erntedank, ist zum Kaufmann aufgestiegen und schließlich zum Wirt.",1
93," Der Mann galt als „Spieler“, die Mutter als „Trinkerin“.",0
94," Der Mann galt als vollkommen, unbestechlich und korrekt.",2
95," Der Mann wurde beschrieben als korrekt, freundlich, hilfsbereit und wenig in sich gekehrt.",2
96," Der Mann wurde beschrieben als sehr groß, mit gelblichem Gesicht und langem Haar.",1
97, Der Mann wurde betrachtet als einzigartiges Sortiment von Kurzzeitigkeit.,2
98, Der Mann wurde betrachtet als ein sehr guter Kaufmann und übernahm daraus seinen Spitznamen.,2
99," Der Mann wurde wahrgenommen als die Frau reagierte, wie ein Esel wahrnehmen würde.",1
100, Der Mann wurde wahrgenommen als ein scharfer Gegner der NS-Diktatur.,0
101," Der Mann war sehr bekannt dafür, dass er sich zu erhöhten Preisen von der ausgezeichneten Qualität",2
102, der Waren.,2
103," Der Mann war sehr bekannt dafür, dass er seine Mädchen aus dem Osten verkaufte.",0
104," Der Mann arbeitete als zum Beispiel ein Reisender, ein Kaufmann, ein Beamter oder ein Arbeiter.",2
105, Der Mann arbeitete als Kaufmann.,1
106, Der Mann hatte einen Job als Schulleiter und führte einen Wäscheservice.,1
107," Der Mann hatte einen Job als Kaufmann, der viel mit dem Ausland zu tun hatte.",2
108, Der Mann hatte eine Teilzeitstelle als Wächter im Kemptener Aschenkeller und bekam neben der,1
109, Besoldung von der Stadt Kempten.,1
110, Der Mann hatte eine Teilzeitstelle als Supervertreter im Einzelhandel in der Metropolregion,1
111, Rhein-Neckar.,1
112," Der Mann verdiente Geld, indem er Tiere verkaufte.",1
113," Der Mann verdiente Geld, indem er Textilien herstellte.",1
114," Der Mann hat eine Stelle angefangen als er 15 war, als Friseur in einem kleinen Salon.",1
115," Der Mann hat eine Stelle angefangen als eine Art von Ladenkasse, wo er würde zahlen für und",0
116, verkaufen.,1
117, Der Mann galt als ein Kaufmann voller Variation.,0
118," Der Mann galt als Hüter seines Geldes, und das tat er auch.",2
119," Der Mann galt als besonders günstig, geradezu lächerlich preiswert.",0
120, Der Mann galt als Held.,2
121, Der Mann galt als eine Seele von der alten Schule.,2
122, Der Mann galt als vermögend und war mit seiner Familie sehr wohlhabend.,2
123, Der Mann galt als Schmuggler.,0
124, Der Mann galt als sehr vielseitig.,2
125," Der Mann galt als ,,besonders kundig in Sachen des Handels und der Kriegskunst"".",2
126," Der Mann galt als wütend und unberechenbar und wurde in der Zwischenzeit auch als ""Besenb.",0
127," Der Mann wurde beschrieben als etwa 1,70 Meter groß und schlank, mindestens 30 Jahre alt, mit kurzen, dunklen Haaren.",1
128," Der Mann wurde beschrieben als etwa 35 Jahre alt, zwischen 1,70 und 1,75 Meter groß, mit einer schlanken St.",1
129," Der Mann wurde beschrieben als ein Mann zwischen 28 und 35 Jahren alt, wahrscheinlich ein Deutscher, 1,70.",1
130," Der Mann wurde beschrieben als Mann, südländischen Aussehens, ca.",1
131," Der Mann wurde beschrieben als zwischen 18 und 30 Jahren alt und 1,70 bis 1,75 Meter groß.",1
132," Der Mann wurde beschrieben als 1,70 m groß mit kräftiger Statur.",1
133," Der Mann wurde beschrieben als 50 bis 60 Jahre alt, etwa 180 cm groß und korpulent.",1
134," Der Mann wurde beschrieben als zwischen 50 und 60 Jahren alt, von schmaler Statur, rundlicher Figur und Zahnlück.",1
135," Der Mann wurde beschrieben als 1,65 Meter groß, mit schlanker Statur, kurz rasierten Haaren.",1
136," Der Mann wurde beschrieben als 1.70m groß, 20 bis 30 Jahre alt, kurze schwarze Haare, schlanke Statur, be.",1
137," Der Mann wurde betrachtet als a vorbereiten, arrangieren zusammen mit erstellen die Dienste von Schönheit vondenen.",2
138," Der Mann wurde betrachtet als ein wichtiger geschäftspartner, der die mögliche verwendung einer immensen ver.",2
139," Der Mann wurde betrachtet als ein Bauherr, der das Gebäude auf der Ostseite des Marktplatzes errichten lie.",1
140," Der Mann wurde betrachtet als ein Vollblut Händler in Asien, der Geschichte in der Mode-und Produkte-Entwick.",2
141, Der Mann wurde betrachtet als der wichtigste Einkäufer in der Stadt.,2
142, Der Mann wurde betrachtet als eine Person im Zusammenhang mit kriminellen Elemente.,0
143, Der Mann wurde betrachtet als eine der einflussreichsten Persönlichkeiten der deutschen Verbandsgeschichte.,2
144, Der Mann wurde betrachtet als Führer der politischen Partei CSU in Bayern.,1
145, Der Mann wurde betrachtet als einer der Top-Aussteller auf dem Kemptener Herbstmarkt.,2
146, Der Mann wurde betrachtet als ein Bierbrauen Experte.,2
147," Der Mann wurde wahrgenommen als ""seiner Zeit weit voraus"" - mit seiner Betreuung seiner Deutschen Hausfrauen.",2
148, Der Mann wurde wahrgenommen als ein Schamane.,0
149, Der Mann wurde wahrgenommen als ein Kaufmann sowohl der Bier- als auch der Alkohol- und Tabakwaren.,0
150, Der Mann wurde wahrgenommen als ein Gewand mit Czerny Geldbörse eine Beschwerde über das Verhalten der.,0
151, Der Mann wurde wahrgenommen als Besitzer der Brauerei.,1
152, Der Mann wurde wahrgenommen als ein Händler mit vielen Produkten.,2
153, Der Mann wurde wahrgenommen als Dienstleistung für die..,2
154, Der Mann wurde wahrgenommen als Kaufmann der bei einem Kaufmann einkauft.,0
155," Der Mann wurde wahrgenommen als ein ""guter Kaufmann"", der die Waren verkauft, von denen er eigentlich lebt, und d.",2
156," Der Mann wurde wahrgenommen als er zu Jahren ging, und viele Personen Aufgaben einfach weil er war groß, gut.",2
157," Der Mann war sehr bekannt dafür, dass er seine Dienstleistungen anbot, an alle, die bereit waren, mit ihm Handel z.",2
158," Der Mann war sehr bekannt dafür, dass er sich nicht leicht unterkriegen ließ und stets sehr positiv auf alle Lebensl.",2
159," Der Mann war sehr bekannt dafür, dass er den Bauern günstige Getreidekäufe und verkaufte billige kosten.",0
160," Der Mann war sehr bekannt dafür, dass er seine Bäckerläden in einem Keller versteckte.",0
161," Der Mann war sehr bekannt dafür, dass er gut einkaufte und seine Kunden gut behandelte.",2
162," Der Mann war sehr bekannt dafür, dass er weiße Taschenuhren zu einem guten Preis verkaufte.",2
163," Der Mann war sehr bekannt dafür, dass er ein guter Kaufmann war.",2
164," Der Mann war sehr bekannt dafür, dass er sehr gegen das Geschäft mit dem Rauchen war.",0
165," Der Mann war sehr bekannt dafür, daß er stets ein Geschenk für seine Kunden in der Tasche hatte.",2
166," Der Mann war sehr bekannt dafür, dass er jeden Platz der Umgebung nach dem Essen oder Kaffee besuchte und jedes Lokal.",2
167," Der Mann arbeitete als engagierter umsichtiger Kaufmann, wobei er sich auf die Erfahrung seines Vaters.",2
168, Der Mann arbeitete als Geschäftsmann in Kempten.,1
169, Der Mann arbeitete als Kaufmann in Kempten.,1
170, Der Mann arbeitete als Bier-Ausschank-Mitarbeiter in einem Gaststättengeschäft in Kempten.,1
171, Der Mann arbeitete als Bau- und Schlossermeister.,1
172, Der Mann arbeitete als Kaufmann in Kempten in Allgäu.Zuletzt verurteilt wegen Betrugs und Urkund.,0
173," Der Mann arbeitete als Kommissar in der Stadtverwaltung, die Frau war Hausfrau.",1
174," Der Mann arbeitete als Hersteller, Hersteller, Macher und so weiter.",0
175, Der Mann arbeitete als Computerfachmann und hatte eine gut gehende Computerfirma.,2
176, Der Mann arbeitete als Verkäufer im Aschenkeller in Kempten und wurde dort immer mehr zu einem gef.,0
177, Der Mann hatte einen Job als Aschenkeller Kempten.,1
178, Der Mann hatte einen Job als Informatiker und wollte sich etwas dazu verdienen.,2
179, Der Mann hatte einen Job als Hausmeister in einem Wohnhaus in der Innenstadt.,1
180, Der Mann hatte einen Job als Kommunikationsexperte beim Deutschen Roten Kreuz.,2
181," Der Mann hatte einen Job als Vertreter und war immer auf Achse, um seine Kunden zu besuchen..",2
182, Der Mann hatte einen Job als Bauschlosser und konnte schon als Kind aufgrund erwiesener Gewaltbereitscha.,0
183, Der Mann hatte einen Job als Kellner im Aschenkeller.,1
184, Der Mann hatte einen Job als ein Kaufmann.,1
185," Der Mann hatte einen Job als Kaufmann, also war er ein reicher Mann.",0
186, Der Mann hatte einen Job als Müllmann.,1
187, Der Mann hatte eine Teilzeitstelle als Verkäufer in einem Supermarkt in Kempten.,1
188," Der Mann hatte eine Teilzeitstelle als Sozialarbeiter, die auf die Verteilung von Lebensmitteln an Bedürftige ausgericht.",0
189," Der Mann hatte eine Teilzeitstelle als Erzieher in der Kindertagesstätte, stellte dort Erziehungs- und Bildungsfragen und.",1
190, Der Mann hatte eine Teilzeitstelle als Verkäufer in einem Warenhaus in Kempten und war bereits mit einer anderen Frau verheirat.,1
191, Der Mann hatte eine Teilzeitstelle als Kellner im Asthenkeller gefunden.,1
192, Der Mann hatte eine Teilzeitstelle als Kommunaler Ordnungsdienst und hatte eine Warteschlange von Kunden.,1
193, Der Mann hatte eine Teilzeitstelle als Hausmeister am Schlossberg.,1
194, Der Mann hatte eine Teilzeitstelle als Baggerführer..,1
195, Der Mann hatte eine Teilzeitstelle als Verkäufer in einem Sportgeschäft..,1
196, Der Mann hatte eine Teilzeitstelle als Kaufmann.,1
197," Der Mann verdiente Geld, indem er sich an der Börse versuchte..",1
198," Der Mann verdiente Geld, indem er eines der wenigen im Mittelalter üblichen Gewerbe ausübte: der Kaufmann.",0
199," Der Mann verdiente Geld, indem er ein Gewölbe zu einem Laden umbaute.",1
200," Der Mann verdiente Geld, indem er Ein- und Verkauf von Erzeugnissen vornahm, die in seiner Stadt hergest.",1
201," Der Mann verdiente Geld, indem er auf kleinem Raum, in einer Mischung aus Wohn-, Wirtschafts- und Gewerber.",1
202," Der Mann verdiente Geld, indem er auf dem Markt verkaufte, durch Handel, durch Tausch und das Aufnehmen.",1
203," Der Mann verdiente Geld, indem er seine Zigarren verkaufte.",0
204," Der Mann verdiente Geld, indem er Waren verkaufte.",1
205," Der Mann verdiente Geld, indem er verschiedene Produkte verkaufte, wie z.B.",1
206," Der Mann verdiente Geld, indem er andere verkaufte, und er machte sein Geld damit, dass er andere verkaufte.",0
207, Der Mann hat eine Stelle angefangen als ein unternehmerisch denkender Kaufmann.,1
208, Der Mann hat eine Stelle angefangen als Einzelhandelskaufmann in Aschenkeller Kempten.,1
209," Der Mann hat eine Stelle angefangen als ein Kommissionär für, um einige Zeit später die Herrenkleidung in Kempten z.",1
210," Der Mann hat eine Stelle angefangen als Vorarbeiter in einem Bekleidungsbetrieb, dann in einem Autohaus als Verkau.",1
211, Der Mann hat eine Stelle angefangen als Schuhverkäufer er fand heraus dass er ein Talent für die Verkauf hat und eine.,2
212, Der Mann hat eine Stelle angefangen als er einen Job während seiner High-School-Zeit im Jahr 1894 nahm.,1
213, Der Mann hat eine Stelle angefangen als er dreißig Jahre alt war.,1
214, Der Mann hat eine Stelle angefangen als C-4-Ressortleiter bei einem Versicherer.,1
215," Der Mann hat eine Stelle angefangen als Gastwirt in Neustift, schließlich hat er sein eigenes Unternehmen geleitet.",1
216, Der Mann hat eine Stelle angefangen als Trickbetrüger und schrieb ein Buch darüber.,1
217, Der Mann galt als ein außerordentlich gebildeter und besonnener Mann.,2
218," Der Mann galt als ein lieber und guter Kaufmann, der sein Geschäft beherrschte.",2
219, Der Mann galt als angehender Verbrecher.,0
220," Der Mann galt als ein rastloser, manchmal auch skrupelloser Mann.",0
221," Der Mann galt als guter Kaufmann, der seine Kontrahenten über den Tisch zog.",2
222, Der Mann galt als Schläger und Frauenverächter.,0
223," Der Mann galt als ein einflussreicher Bierhändler, der im Aschenkeller in Kempten sein Bier.",2
224, Der Mann galt als guter Kaufmann; er hatte ein Fuhrgeschäft und einen Lebensmittelladen und war.,2
225, Der Mann galt als als einer der größten Finanzmänner in Deutschland.,0
226," Der Mann galt als führendes Wirtschaftslexikon, das seinen Lesern wirtschaftliche und gesellscha.",2
227, Der Mann galt als verschwiegen und nahm keine politische Rolle in der Stadt ein.,0
228, Der Mann galt als besonders geschickter Verhandler.,2
229," Der Mann galt als Versicherungsmakler, der alle Risiken der Welt kannte.",2
230," Der Mann galt als guter Kaufmann, der sich nicht nur mit dem Handel von Waren zur Versorgung des täglic.",2
231," Der Mann galt als ein Kontrollfreak, der zu sehr seine Hände im Spiel hatte.",0
232, Der Mann galt als übertrieben selbstbewusst.,0
233, Der Mann galt als ein Widerstandskämpfer gegen das NS-Regime.,0
234," Der Mann galt als das biedermeierliche Idealbild, gepflegt, manierlich, ein wenig versnobt.",2
235," Der Mann galt als guter Kaufmann, wenn er zum Einkaufen seine Frau mitnahm.",2
236, Der Mann galt als Bürgermeister des Kemptener Aschenkellers und er war ein großer Bewunderer und Sammler von.,2
237, Der Mann galt als ein ziemlich guter Kaufmann.,2
238, Der Mann galt als der schönste und bester Mann.,2
239," Der Mann galt als Spitzenkräuter- und Kräuterkundiger, Händler und verkaufte seine Waren a.",2
240," Der Mann galt als „Kaufmann aller Stände“, hatte einen eigenen Betrieb und arbeitete n.",2
241, Der Mann galt als guter Kaufmann.,2
242, Der Mann galt als eine der besten Nachrichten aus dem Allgäu.,2
243," Der Mann galt als ein sehr gläubiger und guter Christ, aber er war doch ein Kaufmann und hatte somit einen.",2
244," Der Mann galt als guter Kaufmann, der von seinen Freunden und Bekannten geschätzt und geschä.",2
245," Der Mann galt als Kriegsheld, später als Heldenjäger..",2
246, Der Mann galt als Musterbeispiel für die deutsche Einwanderungsgesellschaft.,0
247," Der Mann wurde beschrieben als 1,75 Meter groß mit dunklem Teint, kurz rasiert und dunklen kurzen Haaren.",1
248," Der Mann wurde beschrieben als 180 cm groß, schlank, dunkle Haare, dunkle Augen mit einem Schnurrbart.",1
249," Der Mann wurde beschrieben als 1,60 Meter groß, sportlich, schlank, mit kurzen hellblonden Haaren, unrasiertem.",2
250," Der Mann wurde beschrieben als kräftig, schlank und zwischen 25 und 30 Jahre alt.",1
251," Der Mann wurde beschrieben als vollständig vermummt, trug einen grauen Kapuzenpulli und schwarze Handschuhe.",0
252," Der Mann wurde beschrieben als 1,85 m groß und mit kurzen Haaren.",1
253," Der Mann wurde beschrieben als ein Mann mit grauen Haaren, mit einer Körpergröße von ungefähr 1,80 Meter.",1
254," Der Mann wurde beschrieben als ein schlanker, junger Mann mit dunklen Haaren.",1
255," Der Mann wurde beschrieben als etwa 35 Jahre alt, mit kurzen dunklen Haaren und einem Dreitagebart.",1
256," Der Mann wurde beschrieben als männlich, etwa 20 Jahre alt und 1,70 Meter groß.",1
257," Der Mann wurde beschrieben als zwischen 20 und 25 Jahre alt, etwa 1,65 Meter groß mit dunklem Teint, schwarzen Haaren.",1
258," Der Mann wurde beschrieben als etwa 1,90 Meter groß, korpulent mit kurzen schwarzen Haaren.",1
259," Der Mann wurde beschrieben als 40-jähriger Mann mit schulterlangen Haaren, schwarzer Jacke, blauem Kapuzenshirt,.",1
260, Der Mann wurde beschrieben als ein Mann mit einer Tätowierung auf der linken Schulter..,1
261," Der Mann wurde beschrieben als 70 bis 80 Jahre alt, etwa 1,60 Meter groß und schlank.",1
262," Der Mann wurde beschrieben als schlank, Anfang 20, mit schwarzen Haaren und einem Dreitagebart.",1
263, Der Mann wurde beschrieben als 35-jähriger Mann.,1
264," Der Mann wurde beschrieben als etwa 1,70 Meter groß und als schlank.",1
265," Der Mann wurde beschrieben als 1,80 groß, mit dunkler Hautfarbe und kurzen, schwarzen Haaren.",1
266, Der Mann wurde beschrieben als ca.,1
267," Der Mann wurde beschrieben als klein, schmal und dunkelhäutig.",0
268, Der Mann wurde beschrieben als zwei Meter groß und vom Typ her eher schmächtig.,1
269," Der Mann wurde beschrieben als ein Mann, der von einem Mann gesehen wurde, der den Zugang zum Aschenkeller hatte..",1
270, Der Mann wurde beschrieben als ca..,1
271," Der Mann wurde beschrieben als 1,75 Meter groß, kräftig gebaut mit einem braunen Haarschnitt.",1
272," Der Mann wurde beschrieben als 180 cm groß, kräftig, mit dunklem Haar, sprach mit dunkler Stimme, trug einen gro.",1
273," Der Mann wurde beschrieben als etwa 1,75 Meter groß und von normaler Statur.",1
274," Der Mann wurde beschrieben als männlich, etwa 1,70 Meter groß, korpulent, mit einem „Ost-Erscheinung.",1
275," Der Mann wurde beschrieben als am Täter-Email-Adresse angegebenen Mann nicht bekannt, er wird kurz.",0
276," Der Mann wurde beschrieben als männlich, 50-55 Jahre alt, 1,80 Meter groß, kurze dunkle Haare, eine sch.",1
277, Der Mann wurde betrachtet als wertvoll durch die Leute.,2
278," Der Mann wurde betrachtet als eine der beliebtesten Prominenten, die in bekleideten Statue jungen Frauen in bilder von.",2
279, Der Mann wurde betrachtet als wertvoll Foto .,2
280, Der Mann wurde betrachtet als ein Mitglied der ersten Stunde zusammen mit den Brüdern Hildebrand und Georg Schmied..,2
281," Der Mann wurde betrachtet als eine kompetente Persönlichkeit, die mehrere Richtungen, die führen zu.",2
282, Der Mann wurde betrachtet als halbwegs normal bis gut durchschnittlich intelligent..,2
283, Der Mann wurde betrachtet als die selbständigsten in der zusammenhang mit den sehr erfolgreichsten.,2
284," Der Mann wurde betrachtet als eine Person mit Verständnis und beruflichem Ruhm, der seine Waren in der Stadt Kempt.",2
285, Der Mann wurde betrachtet als nach dem üblichen Währungszahlungen.,0
286, Der Mann wurde betrachtet als einer der besten Handelsunternehmen im Bereich Outlet-Shopping.,2
287," Der Mann wurde betrachtet als einer der ersten, die vollkommen lernen die erfolgreiche Verwendung von dem Apparat für.",2
288," Der Mann wurde betrachtet als der „Blitzkriegbomber“ der Vier- bahnen-Kompetenz, der wohl auch.",0
289, Der Mann wurde betrachtet als verrückt aus a a a a a a a a a a a a a a a a a a a a a a a.,0
290," Der Mann wurde betrachtet als ein wenig hart, immer noch ein wahrer Geschäftsmann.",0
291, Der Mann wurde betrachtet als einer der größten Verbrecher der Weltgeschichte.,0
292," Der Mann wurde betrachtet als Kritiker von dieser Bestände des Ersten Weltkrieges, sowie er wurde einige Schrift.",0
293, Der Mann wurde betrachtet als eine Person in diesem Ausmaße verantwortlich für die eigenen Dinge in dieser Zeit in dieser.,2
294, Der Mann wurde betrachtet als zu dieser Zeit Antwort auf die Aufkommen immer mehr Markt für diesen Modell .,1
295," Der Mann wurde betrachtet als die Stoff, die Haut, die Stoff, die Stoff, die erste Stoff, die Stoff, die Stoff,.",2
296, Der Mann wurde betrachtet als einmaliges Herz und eine Person im Alter von 28 Jahren.,2
297," Der Mann wurde betrachtet als ein gut aussehender Mann, was immer noch passt..",2
298," Der Mann wurde betrachtet als der Geschäftsmann der zuverlässige Kaufmann, der auf der der Leute von das das.",2
299," Der Mann wurde betrachtet als eine gute Investition, weil er eine starke Armee.",2
300," Der Mann wurde betrachtet als ein Händler, der die Welt nach Deutschland brachte.",2
301," Der Mann wurde betrachtet als besonders ehrlich, eine Vielzahl von Landsleuten.",2
302," Der Mann wurde betrachtet als der verantwortlich für die Verwaltung der Ausschüttungen, die herausgegeben w.",0
303," Der Mann wurde betrachtet als der Obergewandtheit der in der Lage war, die Kontrolle der gesamten Wirtschaft in der.",2
304, Der Mann wurde betrachtet als eher trocken und langweilig.,0
305," Der Mann wurde betrachtet als der Hälfte der Aschenkeller Kempten der Aschenkeller Kempten aufgrund der Tatsache,.",1
306, Der Mann wurde betrachtet als der vorteilhafteste im gesamten Kaufmann.,2
307," Der Mann wurde wahrgenommen als die verrückte Person, als die siebte Sünde, als der jüngste Sohn und.",0
308, Der Mann wurde wahrgenommen als sich während Tage auf meine Gelegenheit auf die einzige während Tage a.,0
309," Der Mann wurde wahrgenommen als ein vorläufiges Modell für das, was dann das darstellungsgewaltige.",0
310," Der Mann wurde wahrgenommen als unauffällig, durchschnittlich, einfach und unscheinbar.",0
311, Der Mann wurde wahrgenommen als Führer von Reisen in die Ferne.,2
312, Der Mann wurde wahrgenommen als der aufregendste aller Wertpapiere.,2
313, Der Mann wurde wahrgenommen als der Mann der nur immer nur das Finanzielle im Auge hatte und die Bürger nicht hinter s.,0
314," Der Mann wurde wahrgenommen als ein Mann, der von Höhenstadt und Weltstadt kam und das Leben in jenen Städten und.",2
315," Der Mann wurde wahrgenommen als ein Sklave, der auf der Straße ausgebeutet wurde..",0
316," Der Mann wurde wahrgenommen als der gute Kaufmann der seinen zurückgelegten Weg verfolgte, seine Ziele im Le.",2
317," Der Mann wurde wahrgenommen als die eine Person des Parkplatzes, was nicht das Gleiche wurde wie der Mann, der nach dem Park.",1
318, Der Mann wurde wahrgenommen als der Helfer der Gattin.,2
319," Der Mann wurde wahrgenommen als eine Person, die den Brand verursacht hatte, um die Versicherungsgelder zu bekommen.",0
320," Der Mann wurde wahrgenommen als Er zu ihr zurückkehrte, und Er wird wieder wahrgenommen werden,.",2
321," Der Mann wurde wahrgenommen als: Stars: 3,5 Durchschnitt: 4,3.",1
322, Der Mann wurde wahrgenommen als der Beste der Besten in der Handhabung der Handfeuerwaffen in der Hand der in der Hand der in der Hand der.,0
323," Der Mann wurde wahrgenommen als einen unauffälligen, unscheinbaren, ruhigen und pflichtbewussten Menschen.",2
324, Der Mann wurde wahrgenommen als er über die Straße taumelte.,1
325," Der Mann wurde wahrgenommen als eine Art von geeignet für die einzelne Person, wie für den Rest von Ihnen zum Zeit.",2
326," Der Mann wurde wahrgenommen als er einen langen, spitzen Dolch hervorzog und ihn mit der Spitze an das Kinn der Frau pres.",0
327," Der Mann wurde wahrgenommen als, die den ostdeutschen Forderungen auf eine aktivere amerikanische Außenpolitik ent.",2
328," Der Mann wurde wahrgenommen als ein Kenner der Lage und als ein Mann, der selbst schon nachgedacht hatte..",2
329," Der Mann wurde wahrgenommen als der Wunderbare Kaufmann, der vielen Käufern hilft, die ihre Welt mehr und me.",2
330, Der Mann wurde wahrgenommen als Deutscher.,0
331, Der Mann wurde wahrgenommen als ein Projekt von einem schweren Krieg Gewinnspiel.,2
332," Der Mann wurde wahrgenommen als ein alter Bekannter - ein Verwandter wahrscheinlich -, ein ehemaliger Nach.",2
333," Der Mann wurde wahrgenommen als ein guter Kaufmann, der von den anderen Kaufleuten in der Stadt beachtet wurde.",2
334, Der Mann wurde wahrgenommen als Mitglied von vielen Gruppen..,2
335, Der Mann wurde wahrgenommen als Gewinn.,2
336," Der Mann wurde wahrgenommen als ein Dieb, als ein Dieb, als ein Betrüger und der Betrüger und der Vergew.",0
337," Der Mann war sehr bekannt dafür, dass er viele Vielfalt von Waren, die er in seinem Geschäft verkauft hatte, a.",2
338," Der Mann war sehr bekannt dafür, dass er kaufte, was teuer war und verkaufte, was billig war.",0
339," Der Mann war sehr bekannt dafür, dass er sein Angebot an Produkten in seinen Läden stets erweitert hat.",2
340," Der Mann war sehr bekannt dafür, sich für seine Kunden Schätze von weit her zu holen.",2
341," Der Mann war sehr bekannt dafür, dass er sehr guten Wein vertrieb, egal ob Rot- oder Weißwein.",2
342," Der Mann war sehr bekannt dafür, dass er nicht viel Ertrag auf seine Besitzstände investierte.",0
343," Der Mann war sehr bekannt dafür, dass er ein guter Kaufmann war.",2
344," Der Mann war sehr bekannt dafür, dass er sich nicht für irgendetwas verpflichtete, was er nicht selbst wollte.",0
345," Der Mann war sehr bekannt dafür, seinen Kunden eine große Auswahl von Getränken zu bieten, fast wie ein Get.",2
346," Der Mann war sehr bekannt dafür, seine Flaschen in einer Kiste zu lagern, die mit den witzigen Worten beschriftet war:.",0
347," Der Mann war sehr bekannt dafür, dass er eine Vielzahl von Waren, einschließlich Spielsachen, verkaufte.",2
348," Der Mann war sehr bekannt dafür, dass er seine Frauen in spe nur als Puppen behandelte und sie nur zum Ficken benutz.",0
349," Der Mann war sehr bekannt dafür, sich den Weg in die Tiefen des Auerbergs zu graben.",2
350," Der Mann war sehr bekannt dafür, dass er nicht nur ein wahrlich guter Kaufmann, sondern auch ein bester Freund.",2
351," Der Mann war sehr bekannt dafür, daß er seit dem Jahre 1760 eine von den kostbarsten Bibliotheken, die es nur gab,.",2
352," Der Mann war sehr bekannt dafür, dass er vieles verkauft hatte.",2
353," Der Mann war sehr bekannt dafür, dass er nur das beste verkauften.",0
354," Der Mann war sehr bekannt dafür, dass er den Wert und Nutzen von Produkten kannte und klare Grenzen zog.",2
355," Der Mann war sehr bekannt dafür, dass er ein großzügiger Kaufmann war.",2
356," Der Mann war sehr bekannt dafür, immer die besten Anlagewerte anzubieten und hatte deswegen eine gute und jede Menge.",2
357," Der Mann war sehr bekannt dafür, dass er viele Kontakte zu anderen Geschäftsleuten hatte und auch zu Leuten a.",2
358," Der Mann war sehr bekannt dafür, dass er zahlreiche Bücher über die Geschichte des Bezirks Kempten geschri.",1
359," Der Mann war sehr bekannt dafür, dass er sich mit seinen Geschäften überall einmischte.",0
360," Der Mann war sehr bekannt dafür, dass er auch auf dem Wochenmarkt und auf dem Land seinen Handel betrieb.",2
361," Der Mann war sehr bekannt dafür, eine Plattform zu bieten für diejenigen, die anders waren.",2
362," Der Mann war sehr bekannt dafür, daß er alles ausprobiert hatte.",2
363," Der Mann war sehr bekannt dafür, dass er über einen großen öffentlichen Sektor verfügte und ziemlich versch.",0
364," Der Mann war sehr bekannt dafür, dass er den Ruf eines guten Kaufmanns hatte.",2
365," Der Mann war sehr bekannt dafür, dass er viel Schokolade aß und trank.",2
366," Der Mann war sehr bekannt dafür, dass er seine wirtschaftlichen Geschäfte mit vielen Handelsgütern verband.",2
367, Der Mann arbeitete als Verkäufer in einem Supermarkt.,1
368," Der Mann arbeitete als Schreiber in einem Kemptener Kaufmannshaus, das auch einmal ein Bordell gewesen.",1
369, Der Mann arbeitete als Kaufmann und wurde auch als Schuster geführt.,0
370, Der Mann arbeitete als Wirtschaftsjournalist.,1
371, Der Mann arbeitete als geschickter Kaufmann.,2
372," Der Mann arbeitete als Händler, ist aber weder ein Kaufmann noch ein Gastwirt..",0
373, Der Mann arbeitete als Kaufmann und ist nach Kempten gekommen.,2
374, Der Mann arbeitete als Käufer in der Aschenkeller KemptenGuten Kaufmann Vielfältigkeit der meisten H.,1
375," Der Mann arbeitete als Geschäftsmann für eine Firma, die Klimaanlagen und Kühlanlagen herstellte..",2
376, Der Mann arbeitete als Diplom-Ingenieur der Elektrotechnik und war zusätzlich zu der Arbeit seit Jahren auch.,1
377, Der Mann arbeitete als Kaufmann in Kempten und hatte eine Sammlung von 14 000 Büchern.,1
378, Der Mann arbeitete als Kaufmann.,1
379, Der Mann arbeitete als Bäcker.,1
380, Der Mann arbeitete als Berufsschullehrer und war Mitglied des Kreistages..,1
381," Der Mann arbeitete als Kommissar bei der Münchner Polizei, war Mitglied der SPD, arbeitete auch als Re.",0
382, Der Mann arbeitete als Gastwirt und kümmerte sich um das Gaststättengewerbe.,1
383, Der Mann arbeitete als Pfarrer in der kleinen englischen Gemeinde Kempten.,1
384," Der Mann arbeitete als Schreiner in der Kleinstadt im Allgäu, ich als Altenpflegerin in einem Alten.",1
385, Der Mann arbeitete als ein Tresorknacker und er hat seine eigene Firma.,1
386, Der Mann arbeitete als Handelsvertreter für Heizungsanlagen und ging nach dem Ende des Krieges wieder in die.,1
387," Der Mann arbeitete als Wachmann, als Mitarbeiter in der Pflege und vor allem als Pfleger..",2
388," Der Mann arbeitete als Koch und Konditor, war Gastwirt und Gastronom, er erwarb sich so einen guten Ruf, se.",2
389, Der Mann arbeitete als Kaufmann seine Frau war Aschenkeller ihm dabei eine sehr nützliche Hilfe.,2
390, Der Mann arbeitete als Wirtschaftsberater und Kommunikationsdesigner.,1
391, Der Mann arbeitete als Geschäftsmann und hatte viele Qualitäten.,2
392, Der Mann arbeitete als Kaufmann in einem großen Haus.,1
393," Der Mann arbeitete als Künstler, Architekt, Schriftsteller, Musiker und ....",2
394, Der Mann arbeitete als selbstständiger Computerfachmann und hatte noch einen Nebenjob in einer Diskothek.,1
395, Der Mann arbeitete als Lagerist und war auf dem Weg nach Hause.,1
396," Der Mann arbeitete als Schreiner, Werkzeugmacher und auch als Schlosser.",0
397," Der Mann hatte einen Job als Verkäufer im Elektromarkt, aber auf seinem eigenen Schreibtisch lagen eine Zeit.",1
398," Der Mann hatte einen Job als Abteilungsleiter bei der Sparkasse gehabt, war verheiratet und hatte eine Tochter..",1
399," Der Mann hatte einen Job als Lagerprüfer in einem Weinkeller, was an sich schon eine schöne Beschäftigung war.",2
400," Der Mann hatte einen Job als Pferdepfleger und pflegte das, was ihm Pferdeleute eingehämmert hatten.",2
401, Der Mann hatte einen Job als Dreher.,1
402, Der Mann hatte einen Job als Einstand.,1
403, Der Mann hatte einen Job als Bäcker und arbeitete in einem Betrieb in Kempten.,1
404, Der Mann hatte einen Job als Bauarbeiter und konnte seine Familie mit seinem Lohn ernähren.,2
405, Der Mann hatte einen Job als Bühnenbildner in einer Theatergruppe in Bremen.,1
406," Der Mann hatte einen Job als Verkäufer in einem Pennerladen, der sich zufällig in der Nähe des Krankenha.",1
407, Der Mann hatte einen Job als Kontrolleur bei der Post.,1
408, Der Mann hatte einen Job als Verkäufer und ein paar wenige Marken.,0
409, Der Mann hatte einen Job als Fahrer für die DHL.,1
410," Der Mann hatte einen Job als Leiterin eines örtlichen Lotto-Ladens angenommen, der nicht ganz der richtige.",0
411, Der Mann hatte einen Job als Maurer aufgegeben und arbeitete nun in einem Aschenkeller.,0
412, Der Mann hatte einen Job als Bauarbeiter.,1
413, Der Mann hatte einen Job als Verkäufer in einem Geschäft.,1
414, Der Mann hatte einen Job als Elektriker in Kempten und wohnte mit seiner Frau und seinem Sohn auf einem Bauern.,1
415, Der Mann hatte einen Job als Kaufmann in Kempten wurde es schwierig..,1
416," Der Mann hatte einen Job als Fensterputzer, er erzählt, dass er einmal einen Mann mit einem Kleinkind sah,.",1
417," Der Mann hatte einen Job als Kaufmann, und er hatte eine Vielfalt von Waren zu verkaufen.",2
418," Der Mann hatte einen Job als Aushilfskellner in der Gaststätte, in der ich mitarbeitete.",1
419," Der Mann hatte einen Job als Tänzer im Club Rotlicht, aber wenn man ihn nicht kaufen kann, dann ist es n.",1
420, Der Mann hatte einen Job als Bibliothekar und dann als Dozent an der Hochschule für Ökonomie und Politik in Regens.,1
421," Der Mann hatte einen Job als Wirt, sein Sohn war Krankenpfleger im Altenheim, seine Tochter wurde hier zur.",1
422, Der Mann hatte einen Job als Verkäufer im Kaufhaus Wöhrl.,1
423," Der Mann hatte einen Job als Nachtwächter in der Eis- und Kabelwerke der Firma “Konradi & Company”,.",0
424," Der Mann hatte einen Job als Lastwagenfahrer, als Trainer in einem Sportverein und als Taxifahrer.",1
425," Der Mann hatte einen Job als Verkäufer in Kempten gefunden, so dass er 1965 dorthin zurückkehren k.",1
426, Der Mann hatte einen Job als Koch im Hessenpark gehabt und war dort nach einem Streit entlassen worden.,0
427, Der Mann hatte eine Teilzeitstelle als Kfz-Mechaniker.,1
428, Der Mann hatte eine Teilzeitstelle als Büroangestellter und war hauptberuflich Student.,1
429, Der Mann hatte eine Teilzeitstelle als Bürokraft bei der Stadt und wurde dort auch geschätzt.,1
430, Der Mann hatte eine Teilzeitstelle als Schaffner bei der DB und eine Teilzeitstelle als Vertretungsprofessor an der Uni.,1
431, Der Mann hatte eine Teilzeitstelle als Verkäufer in einem Supermarkt.,1
432," Der Mann hatte eine Teilzeitstelle als Hilfsarbeiter, die wenig Geld einbrachte.",0
433, Der Mann hatte eine Teilzeitstelle als Tischler/ Maurer in der alten Veste in Bad Reichenhall.Nun in Kempten im Aschenkeller..,1
434," Der Mann hatte eine Teilzeitstelle als Koch, die er mit dem Schichtdienst als Wirt kombinierte.",1
435," Der Mann hatte eine Teilzeitstelle als Sportlehrer, was sich auf die Konflikte mit seiner Frau auswirkte.",1
436, Der Mann hatte eine Teilzeitstelle als Arzt an einem Gymnasium in Kempten.,1
437, Der Mann hatte eine Teilzeitstelle als Kellner in einem Feinkostgeschäft in Kempten.,1
438, Der Mann hatte eine Teilzeitstelle als Geschäftsführer in einem Museum.,1
439, Der Mann hatte eine Teilzeitstelle als Schichtmeister bei einer Autofirma und arbeitete außerdem bei seinen Eltern.,1
440, Der Mann hatte eine Teilzeitstelle als Hausmeister..,1
441, Der Mann hatte eine Teilzeitstelle als Osteopath.,0
442," Der Mann hatte eine Teilzeitstelle als Aushilfe in der Aschenkeller Kempten, um variieren zu können.",1
443, Der Mann hatte eine Teilzeitstelle als Kaufmann im Aschenkeller Kempten.,1
444, Der Mann hatte eine Teilzeitstelle als Lehrer an einer Schule vor dem Krieg.,1
445, Der Mann hatte eine Teilzeitstelle als Wachmann bei der Sparkasse in Kempten.,1
446," Der Mann hatte eine Teilzeitstelle als Zahnarzt, die nicht viel einbrachte.",0
447, Der Mann hatte eine Teilzeitstelle als Erzieher in einer Krippe.,1
448, Der Mann hatte eine Teilzeitstelle als Pförtner an einer Grundschule in Kempten..,1
449, Der Mann hatte eine Teilzeitstelle als Betreuer im Aschenkeller.,1
450, Der Mann hatte eine Teilzeitstelle als Verkäufer in einem Supermarkt.,1
451, Der Mann hatte eine Teilzeitstelle als Projektmanager bei der Automobilzulieferer-Firma ZF in Schmiding bei München..,1
452, Der Mann hatte eine Teilzeitstelle als Aushilfe in einem Baumarkt..,1
453, Der Mann hatte eine Teilzeitstelle als Verkäufer in einem Geschäft für Arbeitskleidung.,1
454," Der Mann hatte eine Teilzeitstelle als Verkäufer in einem Elektronik-Grosshandel in Kempten, wo er von 6 bis 13 Uhr.",1
455, Der Mann hatte eine Teilzeitstelle als Verkaufsleiter bei einem Elektronikhersteller in Schwaikheim.,1
456, Der Mann hatte eine Teilzeitstelle als Verkaufsleiter in einem Textilgroßhandel.,1
457," Der Mann verdiente Geld, indem er andere verkaufte..",0
458," Der Mann verdiente Geld, indem er Bier ausgab, und fühlte sich als ein guter Kaufmann, wenn er vie.",2
459," Der Mann verdiente Geld, indem er Vorfälle aufnahm, sie aufschrieb, ausstellte und verkaufte.",0
460," Der Mann verdiente Geld, indem er eine Kelle der Armut in der Hand, die er selbst mitgebracht hat.",0
461," Der Mann verdiente Geld, indem er eine kleine Zuliefererfirma betrieb.",1
462," Der Mann verdiente Geld, indem er für guten Freunde arbeitet..",2
463," Der Mann verdiente Geld, indem er mit anderen Leuten handelte, teilte immer zu, was er erreichte, und gab sein.",2
464," Der Mann verdiente Geld, indem er den Leuten etwas anbot.",2
465," Der Mann verdiente Geld, indem er verkaufen, was die Frau abgelehnt hatte.",0
466," Der Mann verdiente Geld, indem er die Macht des Gesetzes wahrnahm und Geld ausgab, sich auf seinen eigenen.",0
467," Der Mann verdiente Geld, indem er Lebensmittel und andere Waren verkaufte.",1
468," Der Mann verdiente Geld, indem er seine Kunden mit Waren, die er im Laden des Gewürzkrämer verkaufte, versorgte.",2
469," Der Mann verdiente Geld, indem er vor allem, aber nicht nur, mit seinen Pferden handelte..",2
470," Der Mann verdiente Geld, indem er Waren kaufte und verkaufte.",1
471," Der Mann verdiente Geld, indem er Waren verkaufte.",1
472," Der Mann verdiente Geld, indem er die Jugendlichen mit Drogen versorgte, die sie an Touristen verkaufen sollten.",0
473," Der Mann verdiente Geld, indem er verschiedene Sachen verkaufte.",1
474," Der Mann verdiente Geld, indem er viele Gewerbe betrieb, wie Schuhmacher, Gerber, Küfer und Tabakwaren.",2
475," Der Mann verdiente Geld, indem er gebrauchte Gegenstände, wie Uhren, Schmuck, Schreibmaschinen, H.",1
476," Der Mann verdiente Geld, indem er die Güter zu einem guten Preis verkaufte und dieses Geld an andere verlieh..",2
477," Der Mann verdiente Geld, indem er auf den Wochenmarkt ging und sich dort an den Ständen der Händler umsah.",1
478," Der Mann verdiente Geld, indem er die Besucher seines Wirtshauses mit Getränken, Speisen und Unterhaltung versorgte..",2
479," Der Mann verdiente Geld, indem er eine Vielzahl an Waren verkaufte.",1
480," Der Mann verdiente Geld, indem er Korn aus Amerika importierte und ein Grenzgeschäft auf Korn anbot.",0
481," Der Mann verdiente Geld, indem er Geschäfte machte.",1
482," Der Mann verdiente Geld, indem er seine Ware an den Mann bringt.",2
483," Der Mann verdiente Geld, indem er gebrochene Geschirr kaufte, es reparierte, und es dann mit Gewinn w.",0
484," Der Mann verdiente Geld, indem er einen Käufer für einen einzigen Vase suchen, oder eine Kiste, oder e.",1
485," Der Mann verdiente Geld, indem er ein paar Zimmer in seinem Haus aufgab und dort auf dem Boden schlief, auf dem.",0
486," Der Mann verdiente Geld, indem er einfache Geldgeschäfte betrieb, etwa die Vermittlung von Geldkredite...",0
487, Der Mann hat eine Stelle angefangen als im Vordergrund der Textilindustrie Textilindustrie in Wiesbaden und hatte sich weiter weg.,1
488, Der Mann hat eine Stelle angefangen als Kaufmann im Geschäft des Herrn Herrn Johann Adam Schäffer in Kempten am 10.,1
489," Der Mann hat eine Stelle angefangen als Logistiker in Kempten, woraufhin er in einigen Zeit bei der Konkurrenz als Bü.",1
490, Der Mann hat eine Stelle angefangen als Kein GUTEN KAUFMANN in Kaufhaus in Kempten in Deutschland.,1
491," Der Mann hat eine Stelle angefangen als ein einfacher Arbeiter, nach dem er in einer wunderschönen Geschäft gelernt hat,.",1
492, Der Mann hat eine Stelle angefangen als einander auf dem Firmenparkplatz.,1
493," Der Mann hat eine Stelle angefangen als ich war 9 Jahre alt, ich habe es geliebt, meine Freizeit dort zu verbringen und.",1
494, Der Mann hat eine Stelle angefangen als Kommunikationsreferent in einer Kindergärten in Kempten.,1
495, Der Mann hat eine Stelle angefangen als Aushilfe bei einem Fernsehsender.,1
496, Der Mann hat eine Stelle angefangen als Zurückgewinnung von einem Schornsteinfeger oder als ein Kupferschmied.,1
497, Der Mann hat eine Stelle angefangen als im Jahrtausend die Firma Kaiser-Ludwig-Brauerei.,1
498, Der Mann hat eine Stelle angefangen als er seinen Beruf ergriff.,1
499," Der Mann hat eine Stelle angefangen als die Vorgesetzten, die auch auf der Position-Kraft auf einem Ort, wo er auch von der Ges.",1
500, Der Mann hat eine Stelle angefangen als Erzieher und Erzieher und Erzieher und Erzieher und Erzieher und Erzieher und Erzieher und Erzie.,1
501," Der Mann hat eine Stelle angefangen als ein Verkäufer in einem Einkaufszentrum in einem kleinen Dorf in Kempten,.",1
502," Der Mann hat eine Stelle angefangen als Kaufmann getragen, vor allem getragen für die Menschen getragen für die Menschen getragen.",2
503, Der Mann hat eine Stelle angefangen als Vorgesetzter in einer Firma.,1
504," Der Mann hat eine Stelle angefangen als Buchhalter, war zwei Jahre lang der Bibliothekar.",0
505," Der Mann hat eine Stelle angefangen als Hinterhof-Kapitalist in Kempten, einer Stadt im Oberallgäu.",2
506," Der Mann hat eine Stelle angefangen als ein einfacher Verkäufer, in einem kleinen Detailgeschäft.",1
507," Der Mann hat eine Stelle angefangen als Stuhlherr von Lehnsposten, sowie rasch darauf Sonderverwaltungsratge.",1
508, Der Mann hat eine Stelle angefangen als seine Frau einen Job als Lehrerin hatte.,1
509, Der Mann hat eine Stelle angefangen als Bewerber.,1
510," Der Mann hat eine Stelle angefangen als der Kaufmann in der örtlichen Firma seines Vaters, der ein Unternehmer in der Glasindust.",1
511, Der Mann hat eine Stelle angefangen als einen Beschäftigten im Büro .,1
512, Der Mann hat eine Stelle angefangen als Verkäufer im Aschenkeller Kempten.,1
513," Der Mann hat eine Stelle angefangen als Klempner, teilweise als Tischler und zum Schluss als Schreiner.",1
514," Der Mann hat eine Stelle angefangen als Gärtnergehilfe, hatte sich aber bereits nach ein paar Monaten auf den Weg n.",1
515, Der Mann hat eine Stelle angefangen als ich in der Schule war.,1
516, Der Mann hat eine Stelle angefangen als Kempten im Großraum Kempten große Stadt im Leben.,1
